population_size,elapsed_time,peak_I,final_size,events_count
500,0.010641219,61,399,788
1000,0.03267545,177,829,1648
2000,0.105886738,294,1583,3156
5000,0.73209383,914,4123,8236
