population_size,elapsed_time,peak_I,final_size,events_count
500,0.008118861,73,387,764
1000,0.031847004,172,791,1572
2000,0.127525208,376,1639,3268
5000,0.835632211,789,3929,7848
