num_servers,rho_analytical,Wq_analytical,W_analytical,stable
2,0.9,8.526315789473687,10.526315789473687,true
3,0.6,0.5912408759124088,2.591240875912409,true
4,0.45,0.11684876980204631,2.116848769802046,true
5,0.36,0.02531067721460389,2.0253106772146037,true
