lambda,mu,num_servers,rho,stable,P0,P_wait,Lq,Wq,W,L
0.9,0.5,2,0.9,true,0.052631578947368404,0.8526315789473685,7.673684210526318,8.526315789473687,10.526315789473687,9.473684210526319
