metric,value
Simulation mean,18.392977359920536
Analytical MTTF,19.999999999999993
