num_repairers,analytic_mttf
1,19.999999999999993
2,38.0
3,47.99999999999996
4,47.99999999999996
